{"further_sparrow": 0.054878048780449995, "closer_bluesport": 0.094512195121974993, "closer_white": 0.092682926829239995, "further_sling": 0.063414634146339993, "further_goldenretriever": 0.056097560975599994, "closer_straight": 0.15365853658535999, "further_weimaraner": 0.058536585365859997, "further_squat": 0.11951219512198001, "further_knob": 0.13414634146330001, "further_brown": 0.097560975609640013, "closer_redantique": 0.10731707317082, "closer_nightingale": 0.15447154471533334, "further_crow": 0.065853658536579998, "closer_squat": 0.21951219512180004, "closer_basset": 0.085365853658449994, "closer_robin": 0.13414634146327498, "further_waiting": 0.076219512195099995, "further_nightingale": 0.073170731707399989, "closer_crow": 0.13414634146345003, "closer_sling": 0.22865853658524998, "closer_goldenretriever": 0.14634146341449999, "further_redsport": 0.10060975609755, "further_woven": 0.053658536585359996, "closer_woven": 0.082926829268259991, "further_tomtit": 0.060975609756100002, "further_leather": 0.10243902439018, "closer_waiting": 0.085365853658479998, "further_chihuahua": 0.054878048780399993, "further_cuckoo": 0.075609756097520006, "closer_doberman": 0.10975609756109998, "closer_leather": 0.1365853658534, "closer_redsport": 0.15853658536569998, "closer_beetle": 0.030487804878049998, "further_white": 0.041463414634159992, "further_straight": 0.12926829268301998, "further_bloodhound": 0.045731707317075002, "closer_bluejay": 0.18292682926800002, "further_doberman": 0.070121951219499989, "closer_pigeon": 0.073170731707220008, "further_bluejay": 0.068292682926740012, "further_bullmastiff": 0.068292682926840001, "further_redantique": 0.048780487804859995, "closer_inlay": 0.080487804878039998, "closer_sparrow": 0.121951219512, "closer_knob": 0.097560975609674985, "closer_pug": 0.11788617886176665, "closer_cuckoo": 0.095121951219599987, "further_bluesport": 0.063414634146339993, "closer_hatchback": 0.15853658536576001, "further_basset": 0.073170731707299999, "further_robin": 0.080487804877940008, "further_bluesedan": 0.030487804878049998, "closer_bullmastiff": 0.097560975609766662, "closer_chihuahua": 0.1402439024389, "further_inlay": 0.092682926829200013, "closer_bloodhound": 0.060975609756100002, "closer_weimaraner": 0.051829268292700001, "further_pug": 0.065853658536599996, "further_pigeon": 0.051219512195119998, "further_beetle": 0.067073170731774989, "closer_brown": 0.15243902439015, "closer_tomtit": 0.10060975609745, "further_hatchback": 0.039024390243879992, "closer_bluesedan": 0.10365853658534999}