{"further_sparrow": 0.16585639491398657, "closer_bluesport": 0.2640239341810023, "closer_white": 0.256394913986537, "further_sling": 0.2931937172774869, "further_goldenretriever": 0.27030665669409126, "closer_straight": 0.32610321615557225, "further_weimaraner": 0.24367988032909502, "further_squat": 0.28077786088257295, "further_knob": 0.35258040388930445, "further_brown": 0.23769633507853402, "closer_redantique": 0.28541510845175766, "closer_nightingale": 0.25031164298180003, "further_crow": 0.25564697083021687, "closer_squat": 0.4653702318623785, "closer_basset": 0.34517576664173527, "closer_robin": 0.35564697083021696, "further_waiting": 0.23653702318623787, "further_nightingale": 0.205983545250561, "closer_crow": 0.3259162303664922, "closer_sling": 0.5323485415108452, "closer_goldenretriever": 0.3096484667165296, "further_redsport": 0.2709424083769634, "further_woven": 0.32475691847419597, "closer_woven": 0.30979805534779364, "further_tomtit": 0.1807030665669409, "further_leather": 0.37860882572924465, "closer_waiting": 0.337471952131638, "further_chihuahua": 0.3117053103964099, "further_cuckoo": 0.18519072550486168, "closer_doberman": 0.36256544502617805, "closer_leather": 0.6140613313388182, "closer_redsport": 0.2734978808277238, "closer_beetle": 0.19932685115931192, "further_white": 0.1886312640239342, "further_straight": 0.40762902019446534, "further_bloodhound": 0.21465968586387438, "closer_bluejay": 0.2535527299925206, "further_doberman": 0.23279730740463725, "closer_pigeon": 0.2460732984293194, "further_bluejay": 0.18997756170531038, "further_bullmastiff": 0.3093492894540016, "further_redantique": 0.23620044876589383, "closer_inlay": 0.3548242333582648, "closer_sparrow": 0.22961854899027678, "closer_knob": 0.4038893044128647, "closer_pug": 0.3712291199202194, "closer_cuckoo": 0.24532535527299926, "further_bluesport": 0.27434554973821995, "closer_hatchback": 0.37097980553477944, "further_basset": 0.14454001495886315, "further_robin": 0.1892296185489903, "further_bluesedan": 0.206058339566193, "closer_bullmastiff": 0.3111443530291698, "closer_chihuahua": 0.2681376215407629, "further_inlay": 0.27808526551982055, "closer_bloodhound": 0.443530291697831, "closer_weimaraner": 0.3062827225130891, "further_pug": 0.21525804038893046, "further_pigeon": 0.23275991024682127, "further_beetle": 0.23878085265519822, "closer_brown": 0.28085265519820496, "closer_tomtit": 0.18100224382946897, "further_hatchback": 0.2429319371727749, "closer_bluesedan": 0.3646222887060584}