{"further_sparrow": 0.10290410671137501, "closer_bluesport": 0.28981768371649996, "closer_white": 0.27918811049269998, "further_sling": 0.095116059237479997, "further_goldenretriever": 0.062243111717960001, "closer_straight": 0.18264888141999999, "further_weimaraner": 0.097481006897019995, "further_squat": 0.16594545390896001, "further_knob": 0.24541014599285998, "further_brown": 0.16428421384295999, "closer_redantique": 0.23867941042599999, "closer_nightingale": 0.37189137462233335, "further_crow": 0.14317123551450001, "closer_squat": 0.32078038021220001, "closer_basset": 0.19932473829782499, "closer_robin": 0.39128199068725, "further_waiting": 0.108420421524225, "further_nightingale": 0.094543640373879995, "closer_crow": 0.36350567167324999, "closer_sling": 0.37012262367374998, "closer_goldenretriever": 0.43092024647299998, "further_redsport": 0.18071237264987502, "further_woven": 0.11231313237400001, "closer_woven": 0.26262122326100001, "further_tomtit": 0.090417673213639999, "further_leather": 0.22097643804899997, "closer_waiting": 0.21031929419160003, "further_chihuahua": 0.097317771242625001, "further_cuckoo": 0.11825263452722001, "closer_doberman": 0.20073390400175001, "closer_leather": 0.32141231663339997, "closer_redsport": 0.30890195941133336, "closer_beetle": 0.03753982424815, "further_white": 0.088514861884240001, "further_straight": 0.15575919896377999, "further_bloodhound": 0.043099901971077499, "closer_bluejay": 0.39399747925625, "further_doberman": 0.19383249308545, "closer_pigeon": 0.10341525750112002, "further_bluejay": 0.13031894408874001, "further_bullmastiff": 0.086918390925280004, "further_redantique": 0.074477470853840017, "closer_inlay": 0.15865980464244003, "closer_sparrow": 0.29797727829700005, "closer_knob": 0.25641345446899999, "closer_pug": 0.30643081375666664, "closer_cuckoo": 0.17412736757337999, "further_bluesport": 0.16379406925020001, "closer_hatchback": 0.40329972341819997, "further_basset": 0.11754936456265001, "further_robin": 0.1105696180373, "further_bluesedan": 0.040870181703600003, "closer_bullmastiff": 0.21500134206266666, "closer_chihuahua": 0.30691804082200003, "further_inlay": 0.12500787732362001, "closer_bloodhound": 0.32568795294620001, "closer_weimaraner": 0.17117862269350001, "further_pug": 0.10572593915192, "further_pigeon": 0.096476210482000002, "further_beetle": 0.143647375976, "closer_brown": 0.25581171445549999, "closer_tomtit": 0.26768021566350003, "further_hatchback": 0.069787837412060003, "closer_bluesedan": 0.31859836151640003}