{"further_sparrow": 0.10290410671147987, "closer_bluesport": 0.2898176837166964, "closer_white": 0.2791881104925953, "further_sling": 0.09511605923747504, "further_goldenretriever": 0.06224311171795679, "closer_straight": 0.18264888142001884, "further_weimaraner": 0.09748100689703462, "further_squat": 0.16594545390890308, "further_knob": 0.2454101459930679, "further_brown": 0.1642842138430837, "closer_redantique": 0.23867941042607566, "closer_nightingale": 0.37189137462218014, "further_crow": 0.14317123551447677, "closer_squat": 0.3207803802121626, "closer_basset": 0.19932473829779784, "closer_robin": 0.39128199068725267, "further_waiting": 0.10842042152434966, "further_nightingale": 0.0945436403739103, "closer_crow": 0.3635056716731435, "closer_sling": 0.37012262367398374, "closer_goldenretriever": 0.4309202464727093, "further_redsport": 0.1807123726499317, "further_woven": 0.11231313237405034, "closer_woven": 0.2626212232608619, "further_tomtit": 0.09041767321359799, "further_leather": 0.2209764380492245, "closer_waiting": 0.21031929419178655, "further_chihuahua": 0.09731777124251655, "further_cuckoo": 0.11825263452718549, "closer_doberman": 0.20073390400168045, "closer_leather": 0.3214123166334068, "closer_redsport": 0.3089019594113597, "closer_beetle": 0.037539824248153206, "further_white": 0.08851486188425586, "further_straight": 0.15575919896369428, "further_bloodhound": 0.04309990197108146, "closer_bluejay": 0.3939974792563806, "further_doberman": 0.1938324930854602, "closer_pigeon": 0.10341525750096278, "further_bluejay": 0.1303189440885061, "further_bullmastiff": 0.08691839092532297, "further_redantique": 0.0744774708539019, "closer_inlay": 0.15865980464236948, "closer_sparrow": 0.2979772782970976, "closer_knob": 0.2564134544690683, "closer_pug": 0.3064308137567249, "closer_cuckoo": 0.17412736757343414, "further_bluesport": 0.16379406925042886, "closer_hatchback": 0.40329972341840836, "further_basset": 0.11754936456254592, "further_robin": 0.11056961803732099, "further_bluesedan": 0.040870181703602564, "closer_bullmastiff": 0.21500134206257507, "closer_chihuahua": 0.30691804082204244, "further_inlay": 0.12500787732381052, "closer_bloodhound": 0.32568795294611913, "closer_weimaraner": 0.17117862269369466, "further_pug": 0.10572593915204984, "further_pigeon": 0.09647621048209222, "further_beetle": 0.14364737597591287, "closer_brown": 0.25581171445576445, "closer_tomtit": 0.26768021566362077, "further_hatchback": 0.06978783741203655, "closer_bluesedan": 0.3185983615166474}