{"further_sparrow": 0.165856394914, "closer_bluesport": 0.26402393418100001, "closer_white": 0.25639491398666003, "further_sling": 0.29319371727720001, "further_goldenretriever": 0.270306656694, "closer_straight": 0.3261032161554, "further_weimaraner": 0.24367988032899998, "further_squat": 0.28077786088259998, "further_knob": 0.35258040388920009, "further_brown": 0.23769633507841997, "closer_redantique": 0.28541510845160001, "closer_nightingale": 0.25031164298166669, "further_crow": 0.2556469708304, "closer_squat": 0.46537023186240001, "closer_basset": 0.34517576664149996, "closer_robin": 0.35564697083024999, "further_waiting": 0.23653702318632502, "further_nightingale": 0.20598354525040002, "closer_crow": 0.32591623036649997, "closer_sling": 0.53234854151099997, "closer_goldenretriever": 0.30964846671649998, "further_redsport": 0.27094240837700001, "further_woven": 0.32475691847427995, "closer_woven": 0.30979805534780003, "further_tomtit": 0.18070306656680002, "further_leather": 0.37860882572920002, "closer_waiting": 0.33747195213160003, "further_chihuahua": 0.31170531039649996, "further_cuckoo": 0.18519072550492002, "closer_doberman": 0.36256544502599997, "closer_leather": 0.61406133133880003, "closer_redsport": 0.27349788082799997, "closer_beetle": 0.1993268511595, "further_white": 0.18863126402393998, "further_straight": 0.40762902019440006, "further_bloodhound": 0.21465968586375, "closer_bluejay": 0.25355272999274997, "further_doberman": 0.2327973074045, "closer_pigeon": 0.24607329842939998, "further_bluejay": 0.18997756170534003, "further_bullmastiff": 0.30934928945419998, "further_redantique": 0.23620044876579999, "closer_inlay": 0.35482423335820001, "closer_sparrow": 0.22961854899049999, "closer_knob": 0.40388930441299997, "closer_pug": 0.37122911992033331, "closer_cuckoo": 0.24532535527299998, "further_bluesport": 0.27434554973820002, "closer_hatchback": 0.37097980553459997, "further_basset": 0.14454001495905, "further_robin": 0.18922961854926001, "further_bluesedan": 0.206058339566, "closer_bullmastiff": 0.31114435302933335, "closer_chihuahua": 0.26813762154049997, "further_inlay": 0.27808526551980006, "closer_bloodhound": 0.44353029169800007, "closer_weimaraner": 0.30628272251325001, "further_pug": 0.21525804038900001, "further_pigeon": 0.23275991024680001, "further_beetle": 0.23878085265500001, "closer_brown": 0.2808526551985, "closer_tomtit": 0.18100224382924998, "further_hatchback": 0.24293193717279998, "closer_bluesedan": 0.364622288706}