{"further_sparrow": 0.05487804878048781, "closer_bluesport": 0.09451219512195122, "closer_white": 0.09268292682926829, "further_sling": 0.06341463414634146, "further_goldenretriever": 0.056097560975609764, "closer_straight": 0.15365853658536585, "further_weimaraner": 0.05853658536585364, "further_squat": 0.11951219512195121, "further_knob": 0.13414634146341464, "further_brown": 0.0975609756097561, "closer_redantique": 0.10731707317073169, "closer_nightingale": 0.15447154471544716, "further_crow": 0.06585365853658537, "closer_squat": 0.2195121951219512, "closer_basset": 0.08536585365853659, "closer_robin": 0.13414634146341464, "further_waiting": 0.07621951219512196, "further_nightingale": 0.07317073170731705, "closer_crow": 0.13414634146341464, "closer_sling": 0.22865853658536583, "closer_goldenretriever": 0.14634146341463417, "further_redsport": 0.10060975609756097, "further_woven": 0.053658536585365846, "closer_woven": 0.08292682926829267, "further_tomtit": 0.060975609756097546, "further_leather": 0.10243902439024391, "closer_waiting": 0.08536585365853659, "further_chihuahua": 0.0548780487804878, "further_cuckoo": 0.07560975609756097, "closer_doberman": 0.10975609756097561, "closer_leather": 0.13658536585365855, "closer_redsport": 0.15853658536585366, "closer_beetle": 0.030487804878048776, "further_white": 0.04146341463414634, "further_straight": 0.1292682926829268, "further_bloodhound": 0.04573170731707317, "closer_bluejay": 0.18292682926829268, "further_doberman": 0.0701219512195122, "closer_pigeon": 0.07317073170731707, "further_bluejay": 0.06829268292682927, "further_bullmastiff": 0.06829268292682926, "further_redantique": 0.04878048780487805, "closer_inlay": 0.08048780487804877, "closer_sparrow": 0.12195121951219512, "closer_knob": 0.0975609756097561, "closer_pug": 0.11788617886178861, "closer_cuckoo": 0.0951219512195122, "further_bluesport": 0.06341463414634146, "closer_hatchback": 0.15853658536585366, "further_basset": 0.07317073170731707, "further_robin": 0.08048780487804877, "further_bluesedan": 0.03048780487804878, "closer_bullmastiff": 0.09756097560975609, "closer_chihuahua": 0.1402439024390244, "further_inlay": 0.09268292682926829, "closer_bloodhound": 0.06097560975609755, "closer_weimaraner": 0.05182926829268292, "further_pug": 0.06585365853658535, "further_pigeon": 0.051219512195121955, "further_beetle": 0.06707317073170732, "closer_brown": 0.1524390243902439, "closer_tomtit": 0.10060975609756098, "further_hatchback": 0.03902439024390244, "closer_bluesedan": 0.10365853658536586}