{"further_sparrow": 0.094452613521000012, "closer_bluesport": 0.52209589328850003, "closer_white": 0.24307014319207498, "further_sling": 0.17111472884509998, "further_goldenretriever": 0.17563149879227502, "closer_straight": 0.21137485558238001, "closer_redantique": 0.31285579245899997, "further_squat": 0.18710219514757997, "further_knob": 0.3121363302174, "further_brown": 0.17261142036891999, "further_weimaraner": 0.077186832615750003, "closer_nightingale": 0.26000420123933338, "further_crow": 0.041371267023774999, "closer_squat": 0.31669117389639995, "closer_basset": 0.19178001260387501, "closer_tomtit": 0.34316423344879998, "further_waiting": 0.15105731190682001, "further_nightingale": 0.074466967755574986, "closer_crow": 0.25732299361666666, "closer_sling": 0.47048279242379998, "closer_goldenretriever": 0.19176907187629999, "further_redsport": 0.079234936806349993, "further_straight": 0.11664215943710002, "closer_woven": 0.15051115078927998, "further_tomtit": 0.07369499002214, "further_leather": 0.141150701956925, "closer_waiting": 0.25907117599693996, "further_chihuahua": 0.1290235619508, "closer_robin": 0.297132654133, "closer_doberman": 0.196053460771, "closer_leather": 0.27644373840274999, "closer_brown": 0.41653318979100001, "closer_beetle": 0.14274804817397499, "further_white": 0.051657739033019998, "further_woven": 0.089880264678233332, "further_bloodhound": 0.054263820326999994, "closer_bluejay": 0.5807104762573333, "further_doberman": 0.088409830900019998, "closer_pigeon": 0.18918005811723998, "further_bluejay": 0.093808423485019998, "further_bullmastiff": 0.053502783321119997, "further_redantique": 0.099464341980939994, "closer_inlay": 0.33372063508725003, "closer_sparrow": 0.35987116199300001, "closer_knob": 0.34651297132640002, "closer_pug": 0.36311311836999999, "closer_cuckoo": 0.14119446486697501, "further_bluesport": 0.059291741063549994, "further_cuckoo": 0.073500682701400005, "closer_hatchback": 0.17175629310652499, "further_basset": 0.10181441025125001, "further_robin": 0.079213055351399997, "further_bluesedan": 0.063513111367799996, "closer_bullmastiff": 0.29756153065145996, "closer_chihuahua": 0.19669239925770002, "further_inlay": 0.15781430522009998, "closer_bloodhound": 0.35832195497700003, "closer_weimaraner": 0.196591744565, "further_pug": 0.096663515737224981, "further_pigeon": 0.112775268704206, "further_beetle": 0.114580051115225, "closer_redsport": 0.2874289582093667, "further_hatchback": 0.067016769947139981, "closer_bluesedan": 0.16165581346500002}