{"further_sparrow": 0.10243902439024391, "closer_bluesport": 0.15853658536585366, "closer_white": 0.09146341463414634, "further_sling": 0.13170731707317074, "further_goldenretriever": 0.07926829268292683, "closer_straight": 0.11707317073170731, "closer_redantique": 0.10731707317073172, "further_squat": 0.14878048780487804, "further_knob": 0.15365853658536585, "further_brown": 0.11219512195121953, "further_weimaraner": 0.036585365853658534, "closer_nightingale": 0.13821138211382114, "further_crow": 0.05182926829268292, "closer_squat": 0.14390243902439026, "closer_basset": 0.11280487804878049, "closer_tomtit": 0.12682926829268293, "further_waiting": 0.08048780487804878, "further_nightingale": 0.0701219512195122, "closer_crow": 0.09756097560975609, "closer_sling": 0.24146341463414628, "closer_goldenretriever": 0.09146341463414634, "further_redsport": 0.0701219512195122, "further_straight": 0.11707317073170734, "closer_woven": 0.05609756097560975, "further_tomtit": 0.056097560975609764, "further_leather": 0.07621951219512196, "closer_waiting": 0.1, "further_chihuahua": 0.051219512195121955, "closer_robin": 0.11463414634146343, "closer_doberman": 0.07621951219512195, "closer_leather": 0.14329268292682928, "closer_brown": 0.16158536585365854, "closer_beetle": 0.07012195121951219, "further_white": 0.04390243902439024, "further_woven": 0.044715447154471545, "further_bloodhound": 0.04268292682926829, "closer_bluejay": 0.21544715447154472, "further_doberman": 0.08536585365853658, "closer_pigeon": 0.12195121951219512, "further_bluejay": 0.06341463414634145, "further_bullmastiff": 0.036585365853658534, "further_redantique": 0.05609756097560975, "closer_inlay": 0.17682926829268292, "closer_sparrow": 0.04878048780487805, "closer_knob": 0.10975609756097562, "closer_pug": 0.1097560975609756, "closer_cuckoo": 0.07317073170731707, "further_bluesport": 0.03902439024390243, "further_cuckoo": 0.056097560975609764, "closer_hatchback": 0.10670731707317072, "further_basset": 0.054878048780487805, "further_robin": 0.0548780487804878, "further_bluesedan": 0.030487804878048776, "closer_bullmastiff": 0.10487804878048781, "closer_chihuahua": 0.06707317073170732, "further_inlay": 0.08292682926829267, "closer_bloodhound": 0.06707317073170731, "closer_weimaraner": 0.04878048780487805, "further_pug": 0.051829268292682924, "further_pigeon": 0.046341463414634146, "further_beetle": 0.09146341463414634, "closer_redsport": 0.07723577235772357, "further_hatchback": 0.03658536585365853, "closer_bluesedan": 0.07317073170731708}