{"further_sparrow": 0.10243902439016002, "closer_bluesport": 0.15853658536582499, "closer_white": 0.091463414634150003, "further_sling": 0.13170731707328001, "further_goldenretriever": 0.079268292682825009, "closer_straight": 0.11707317073177999, "closer_redantique": 0.10731707317073998, "further_squat": 0.14878048780496, "further_knob": 0.15365853658532, "further_brown": 0.11219512195104001, "further_weimaraner": 0.03658536585365, "closer_nightingale": 0.13821138211366668, "further_crow": 0.051829268292699994, "closer_squat": 0.14390243902416, "closer_basset": 0.11280487804874999, "closer_tomtit": 0.12682926829262003, "further_waiting": 0.080487804878039998, "further_nightingale": 0.0701219512194, "closer_crow": 0.097560975609700007, "closer_sling": 0.24146341463400001, "closer_goldenretriever": 0.091463414634124995, "further_redsport": 0.070121951219499989, "further_straight": 0.11707317073172001, "closer_woven": 0.056097560975619999, "further_tomtit": 0.056097560975600001, "further_leather": 0.076219512195050007, "closer_waiting": 0.099999999999860006, "further_chihuahua": 0.051219512195119998, "closer_robin": 0.11463414634136, "closer_doberman": 0.076219512195149997, "closer_leather": 0.14329268292675001, "closer_brown": 0.16158536585372499, "closer_beetle": 0.070121951219599993, "further_white": 0.043902439024379999, "further_woven": 0.044715447154499995, "further_bloodhound": 0.042682926829274999, "closer_bluejay": 0.21544715447166665, "further_doberman": 0.085365853658599986, "closer_pigeon": 0.12195121951226, "further_bluejay": 0.063414634146319995, "further_bullmastiff": 0.036585365853640001, "further_redantique": 0.056097560975619999, "closer_inlay": 0.17682926829262499, "closer_sparrow": 0.048780487804899998, "closer_knob": 0.10975609756098001, "closer_pug": 0.10975609756102001, "closer_cuckoo": 0.073170731707325007, "further_bluesport": 0.039024390243880006, "further_cuckoo": 0.056097560975600001, "closer_hatchback": 0.1067073170732, "further_basset": 0.054878048780499997, "further_robin": 0.054878048780475003, "further_bluesedan": 0.030487804878024997, "closer_bullmastiff": 0.10487804878051998, "closer_chihuahua": 0.067073170731600004, "further_inlay": 0.082926829268319985, "closer_bloodhound": 0.067073170731700008, "closer_weimaraner": 0.048780487804899998, "further_pug": 0.051829268292675, "further_pigeon": 0.046341463414640002, "further_beetle": 0.091463414634100015, "closer_redsport": 0.077235772357599999, "further_hatchback": 0.036585365853659998, "closer_bluesedan": 0.073170731707299999}