{"further_sparrow": 0.17965594614784003, "closer_bluesport": 0.32946896035900003, "closer_white": 0.31451009723250001, "further_sling": 0.35661929693360001, "further_goldenretriever": 0.25878833208675001, "closer_straight": 0.26028421839939997, "closer_redantique": 0.29708302169040002, "further_squat": 0.42318623784599996, "further_knob": 0.34824233358259998, "further_brown": 0.27718773373200001, "further_weimaraner": 0.27543006731499997, "closer_nightingale": 0.27324856644233336, "further_crow": 0.15463724756949998, "closer_squat": 0.32415856394940001, "closer_basset": 0.23130142109200003, "closer_tomtit": 0.25744203440559998, "further_waiting": 0.37442034405360003, "further_nightingale": 0.180254300673, "closer_crow": 0.39840438793333338, "closer_sling": 0.48990276738979999, "closer_goldenretriever": 0.27692595362775002, "further_redsport": 0.24869109947650003, "further_straight": 0.34001495886319999, "closer_woven": 0.38369483919220004, "further_tomtit": 0.1838444278236, "further_leather": 0.32311144353025001, "closer_waiting": 0.43186237845900005, "further_chihuahua": 0.30082273747199995, "closer_robin": 0.38563949139879999, "closer_doberman": 0.47419596110700002, "closer_leather": 0.55684367987999994, "closer_brown": 0.36742707554224996, "closer_beetle": 0.20998504113662503, "further_white": 0.18788332086758, "further_woven": 0.28671154325599996, "further_bloodhound": 0.16604338070300001, "closer_bluejay": 0.26103216155600001, "further_doberman": 0.22094240837720003, "closer_pigeon": 0.31323859386679997, "further_bluejay": 0.21570680628279998, "further_bullmastiff": 0.28421839940179999, "further_redantique": 0.17771129394164001, "closer_inlay": 0.43287210172000001, "closer_sparrow": 0.33807030665700005, "closer_knob": 0.456544502618, "closer_pug": 0.33597606581900002, "closer_cuckoo": 0.23934181002275001, "further_bluesport": 0.22198952879600001, "further_cuckoo": 0.19012715033652, "closer_hatchback": 0.30291697830975001, "further_basset": 0.30366492146599999, "further_robin": 0.15912490650725003, "further_bluesedan": 0.20119670905000001, "closer_bullmastiff": 0.29109947643994005, "closer_chihuahua": 0.28122662677600002, "further_inlay": 0.31533283470459994, "closer_bloodhound": 0.34554973822000001, "closer_weimaraner": 0.32011967090499999, "further_pug": 0.19839192221390001, "further_pigeon": 0.2050860134628, "further_beetle": 0.26383694839174998, "closer_redsport": 0.21640488656199999, "further_hatchback": 0.22393418100220003, "closer_bluesedan": 0.19147344801800001}