{"further_sparrow": 0.17965594614809274, "closer_bluesport": 0.32946896035901274, "closer_white": 0.31451009723261036, "further_sling": 0.356619296933433, "further_goldenretriever": 0.25878833208676144, "closer_straight": 0.2602842183994017, "closer_redantique": 0.29708302169035156, "further_squat": 0.4231862378459238, "further_knob": 0.3482423335826478, "further_brown": 0.2771877337322364, "further_weimaraner": 0.2754300673148841, "closer_nightingale": 0.27324856644228374, "further_crow": 0.15463724756918473, "closer_squat": 0.3241585639491399, "closer_basset": 0.23130142109199706, "closer_tomtit": 0.2574420344053852, "further_waiting": 0.37442034405385194, "further_nightingale": 0.18025430067314888, "closer_crow": 0.3984043879331838, "closer_sling": 0.4899027673896784, "closer_goldenretriever": 0.27692595362752437, "further_redsport": 0.2486910994764398, "further_straight": 0.34001495886312644, "closer_woven": 0.3836948391922214, "further_tomtit": 0.18384442782348548, "further_leather": 0.32311144353029175, "closer_waiting": 0.43186237845923714, "further_chihuahua": 0.3008227374719522, "closer_robin": 0.3856394913986537, "closer_doberman": 0.47419596110695594, "closer_leather": 0.5568436798803291, "closer_brown": 0.36742707554225884, "closer_beetle": 0.2099850411368736, "further_white": 0.18788332086761408, "further_woven": 0.2867115432560459, "further_bloodhound": 0.16604338070306657, "closer_bluejay": 0.2610321615557218, "further_doberman": 0.2209424083769634, "closer_pigeon": 0.31323859386686614, "further_bluejay": 0.21570680628272254, "further_bullmastiff": 0.2842183994016455, "further_redantique": 0.17771129394166044, "closer_inlay": 0.43287210172026924, "closer_sparrow": 0.3380703066566941, "closer_knob": 0.4565445026178012, "closer_pug": 0.3359760658189978, "closer_cuckoo": 0.23934181002243832, "further_bluesport": 0.22198952879581152, "further_cuckoo": 0.19012715033657443, "closer_hatchback": 0.3029169783096485, "further_basset": 0.3036649214659686, "further_robin": 0.15912490650710548, "further_bluesedan": 0.20119670905011225, "closer_bullmastiff": 0.2910994764397906, "closer_chihuahua": 0.281226626776365, "further_inlay": 0.31533283470456247, "closer_bloodhound": 0.3455497382198953, "closer_weimaraner": 0.3201196709050113, "further_pug": 0.19839192221391175, "further_pigeon": 0.20508601346297683, "further_beetle": 0.26383694839192223, "closer_redsport": 0.21640488656195467, "further_hatchback": 0.22393418100224388, "closer_bluesedan": 0.19147344801795066}