{"further_sparrow": 0.09445261352098867, "closer_bluesport": 0.52209589328852, "closer_white": 0.24307014319224168, "further_sling": 0.17111472884500928, "further_goldenretriever": 0.17563149879214368, "closer_straight": 0.2113748555823968, "closer_redantique": 0.31285579245877526, "further_squat": 0.1871021951475685, "further_knob": 0.3121363302174141, "further_brown": 0.17261142036900884, "further_weimaraner": 0.0771868326156216, "closer_nightingale": 0.2600042012393656, "further_crow": 0.04137126702377201, "closer_squat": 0.31669117389629936, "closer_basset": 0.19178001260371808, "closer_tomtit": 0.3431642334488674, "further_waiting": 0.15105731190701255, "further_nightingale": 0.07446696775548785, "closer_crow": 0.25732299361645017, "closer_sling": 0.470482792423765, "closer_goldenretriever": 0.19176907187620346, "further_redsport": 0.07923493680635788, "further_straight": 0.1166421594370339, "closer_woven": 0.15051115078948288, "further_tomtit": 0.0736949900220565, "further_leather": 0.14115070195707732, "closer_waiting": 0.25907117599691903, "further_chihuahua": 0.1290235619507755, "closer_robin": 0.2971326541329692, "closer_doberman": 0.19605346077092742, "closer_leather": 0.2764437384028288, "closer_brown": 0.4165331897909883, "closer_beetle": 0.14274804817421138, "further_white": 0.051657739033014724, "further_woven": 0.08988026467808002, "further_bloodhound": 0.05426382032699647, "closer_bluejay": 0.5807104762571624, "further_doberman": 0.08840983090011552, "closer_pigeon": 0.18918005811714458, "further_bluejay": 0.09380842348492804, "further_bullmastiff": 0.05350278332107972, "further_redantique": 0.09946434198088436, "closer_inlay": 0.3337206350873508, "closer_sparrow": 0.3598711619927879, "closer_knob": 0.3465129713265413, "closer_pug": 0.3631131183699191, "closer_cuckoo": 0.1411944648671358, "further_bluesport": 0.05929174106361377, "further_cuckoo": 0.07350068270139691, "closer_hatchback": 0.1717562931064664, "further_basset": 0.10181441025102404, "further_robin": 0.07921305535132864, "further_bluesedan": 0.06351311136785351, "closer_bullmastiff": 0.29756153065154217, "closer_chihuahua": 0.19669239925778104, "further_inlay": 0.15781430522003992, "closer_bloodhound": 0.35832195497671804, "closer_weimaraner": 0.19659174456464654, "further_pug": 0.09666351573714245, "further_pigeon": 0.11277526870426775, "further_beetle": 0.11458005111507893, "closer_redsport": 0.2874289582093384, "further_hatchback": 0.06701676994713442, "closer_bluesedan": 0.16165581346497215}