{"further_sparrow": 0.06585365853658538, "closer_robin": 0.13414634146341464, "closer_bluesport": 0.10243902439024391, "closer_white": 0.07723577235772358, "further_sling": 0.10975609756097562, "further_goldenretriever": 0.041463414634146344, "closer_straight": 0.14146341463414633, "further_weimaraner": 0.06829268292682927, "further_squat": 0.11463414634146343, "further_knob": 0.10243902439024391, "further_brown": 0.041463414634146344, "closer_redantique": 0.13902439024390242, "closer_nightingale": 0.09146341463414634, "further_crow": 0.03414634146341463, "closer_squat": 0.1859756097560976, "closer_basset": 0.08231707317073172, "closer_tomtit": 0.12601626016260162, "further_waiting": 0.09024390243902439, "further_nightingale": 0.0902439024390244, "closer_crow": 0.07926829268292683, "closer_sling": 0.18048780487804877, "closer_goldenretriever": 0.0975609756097561, "further_redsport": 0.0274390243902439, "further_woven": 0.06402439024390244, "closer_woven": 0.07621951219512195, "further_tomtit": 0.09512195121951218, "further_chihuahua": 0.03414634146341464, "further_leather": 0.08780487804878048, "closer_waiting": 0.07073170731707316, "closer_sparrow": 0.13170731707317077, "further_cuckoo": 0.06829268292682926, "closer_doberman": 0.08841463414634146, "closer_leather": 0.3048780487804878, "closer_brown": 0.17073170731707318, "closer_beetle": 0.07621951219512195, "further_white": 0.057926829268292686, "further_straight": 0.08048780487804878, "further_bloodhound": 0.06097560975609756, "closer_bluejay": 0.08536585365853659, "further_doberman": 0.02195121951219512, "closer_pigeon": 0.13902439024390242, "further_bluejay": 0.06341463414634146, "further_bullmastiff": 0.04146341463414634, "further_redantique": 0.046341463414634146, "closer_inlay": 0.08231707317073171, "closer_knob": 0.10060975609756098, "closer_pug": 0.10365853658536586, "closer_cuckoo": 0.08231707317073171, "further_bluesport": 0.046341463414634146, "closer_hatchback": 0.18292682926829268, "further_basset": 0.10670731707317072, "further_robin": 0.05853658536585367, "further_bluesedan": 0.030487804878048776, "closer_bullmastiff": 0.07317073170731707, "closer_chihuahua": 0.10365853658536586, "further_inlay": 0.08536585365853659, "closer_bloodhound": 0.23170731707317072, "closer_weimaraner": 0.032520325203252036, "further_pug": 0.08536585365853658, "further_pigeon": 0.05853658536585367, "further_beetle": 0.04573170731707317, "closer_redsport": 0.225609756097561, "further_hatchback": 0.058536585365853655, "closer_bluesedan": 0.11890243902439024}