{"further_sparrow": 0.20059835452499999, "closer_robin": 0.50598354525050004, "closer_bluesport": 0.27973074046379998, "closer_white": 0.20942408376943333, "further_sling": 0.38758414360519999, "further_goldenretriever": 0.21839940164539998, "closer_straight": 0.33866866118159999, "further_weimaraner": 0.25415108451759999, "further_squat": 0.29678384442780004, "further_knob": 0.3667913238594, "further_brown": 0.21615557217641998, "closer_redantique": 0.35153328347040003, "closer_nightingale": 0.21540762902050001, "further_crow": 0.158713537771, "closer_squat": 0.42819745699324996, "closer_basset": 0.23747195213175001, "closer_tomtit": 0.39117427075566669, "further_waiting": 0.42333582647699997, "further_nightingale": 0.19955123410600001, "closer_crow": 0.28552729992525, "closer_sling": 0.46192969334340006, "closer_goldenretriever": 0.42857142857099995, "further_redsport": 0.145100972326075, "further_woven": 0.26271503365749999, "closer_woven": 0.36537023186250001, "further_tomtit": 0.21585639491380001, "further_chihuahua": 0.27643979057599999, "further_leather": 0.37546746447280005, "closer_waiting": 0.39611069558700002, "closer_sparrow": 0.33268511593119998, "further_cuckoo": 0.23949139865360003, "closer_doberman": 0.2935676888555, "closer_leather": 0.48750934928959999, "closer_brown": 0.32535527299920003, "closer_beetle": 0.31507105459950002, "further_white": 0.233358264772, "further_straight": 0.23784592370979998, "further_bloodhound": 0.31114435302917504, "closer_bluejay": 0.21570680628279998, "further_doberman": 0.32744951383700005, "closer_pigeon": 0.33807030665679999, "further_bluejay": 0.19506357516840001, "further_bullmastiff": 0.26058339566200001, "further_redantique": 0.22378459237080001, "closer_inlay": 0.30347793567699999, "closer_knob": 0.35882572924449996, "closer_pug": 0.39042632759925, "closer_cuckoo": 0.31020942408375002, "further_bluesport": 0.26207928197480002, "closer_hatchback": 0.44895287958125002, "further_basset": 0.22307404637227499, "further_robin": 0.18758414360507999, "further_bluesedan": 0.211854899028, "closer_bullmastiff": 0.29655946148099999, "closer_chihuahua": 0.30216903515350002, "further_inlay": 0.35168287210159999, "closer_bloodhound": 0.358763400648, "closer_weimaraner": 0.32311144353000004, "further_pug": 0.3378833208675, "further_pigeon": 0.25878833208640001, "further_beetle": 0.22812266267749998, "closer_redsport": 0.33994016454749998, "further_hatchback": 0.28002991772640001, "closer_bluesedan": 0.31507105459975004}