{"further_sparrow": 0.0918565976963204, "closer_robin": 0.43800546161117526, "closer_bluesport": 0.269066624654273, "closer_white": 0.16686214099826113, "further_sling": 0.12287224731295732, "further_goldenretriever": 0.07342716101249866, "closer_straight": 0.19350558414732344, "further_weimaraner": 0.13974897594790464, "further_squat": 0.118415432552603, "further_knob": 0.18536743339285092, "further_brown": 0.062047053880894855, "closer_redantique": 0.34097783846234636, "closer_nightingale": 0.1823687987956447, "further_crow": 0.04483422609669852, "closer_squat": 0.3057736407240135, "closer_basset": 0.18158981899660398, "closer_tomtit": 0.42184819521758915, "further_waiting": 0.18359591079368415, "further_nightingale": 0.10942478031019151, "closer_crow": 0.2395384763505234, "closer_sling": 0.2942828134299618, "closer_goldenretriever": 0.40055316318313894, "further_redsport": 0.04536244442110422, "further_woven": 0.09583639673703742, "closer_woven": 0.24111831740363404, "further_tomtit": 0.09361761719707314, "further_chihuahua": 0.09351783776213982, "further_leather": 0.13762559955186776, "closer_waiting": 0.1898977698421034, "closer_sparrow": 0.42341840843048695, "further_cuckoo": 0.08956342120925673, "closer_doberman": 0.1556121555858978, "closer_leather": 0.3393236004621363, "closer_brown": 0.41523299373315126, "closer_beetle": 0.23545758498757136, "further_white": 0.1352580261177047, "further_straight": 0.09237300003501032, "further_bloodhound": 0.09678824003080909, "closer_bluejay": 0.17948394776459053, "further_doberman": 0.0658316703427511, "closer_pigeon": 0.2843363792318734, "further_bluejay": 0.08638973497181668, "further_bullmastiff": 0.07475405244547143, "further_redantique": 0.08136925392990932, "closer_inlay": 0.207742534047544, "closer_knob": 0.2628619192661836, "closer_pug": 0.3526962328887021, "closer_cuckoo": 0.1724127367573434, "further_bluesport": 0.08928158806848019, "closer_hatchback": 0.4385109232223505, "further_basset": 0.17299697160662394, "further_robin": 0.07209676854672127, "further_bluesedan": 0.03965576094948009, "closer_bullmastiff": 0.29663375695830263, "closer_chihuahua": 0.23672233308826102, "further_inlay": 0.13587683366593145, "closer_bloodhound": 0.45733699774766884, "closer_weimaraner": 0.08245807513216398, "further_pug": 0.12316195777754438, "further_pigeon": 0.09063998879669502, "further_beetle": 0.08407292651332143, "closer_redsport": 0.39053145677975, "further_hatchback": 0.14644995273605713, "closer_bluesedan": 0.260848825403494}