{"further_sparrow": 0.091856597696388015, "closer_robin": 0.43800546161099996, "closer_bluesport": 0.26906662465401998, "closer_white": 0.16686214099819999, "further_sling": 0.12287224731308002, "further_goldenretriever": 0.073427161012379991, "closer_straight": 0.19350558414719998, "further_weimaraner": 0.13974897594787999, "further_squat": 0.1184154325527, "further_knob": 0.18536743339284001, "further_brown": 0.062047053880820005, "closer_redantique": 0.34097783846219998, "closer_nightingale": 0.1823687987955, "further_crow": 0.044834226096680002, "closer_squat": 0.30577364072399998, "closer_basset": 0.18158981899649998, "closer_tomtit": 0.42184819521733335, "further_waiting": 0.18359591079344001, "further_nightingale": 0.10942478031022, "closer_crow": 0.23953847635075004, "closer_sling": 0.29428281342999996, "closer_goldenretriever": 0.40055316318299999, "further_redsport": 0.045362444421100004, "further_woven": 0.095836396737000007, "closer_woven": 0.24111831740350001, "further_tomtit": 0.093617617197159997, "further_chihuahua": 0.09351783776219999, "further_leather": 0.13762559955190001, "closer_waiting": 0.18989776984194001, "closer_sparrow": 0.42341840843059997, "further_cuckoo": 0.089563421209199995, "closer_doberman": 0.15561215558602498, "closer_leather": 0.33932360046220006, "closer_brown": 0.41523299373319994, "closer_beetle": 0.2354575849875, "further_white": 0.13525802611765, "further_straight": 0.092373000034994004, "further_bloodhound": 0.096788240030824993, "closer_bluejay": 0.17948394776451998, "further_doberman": 0.065831670342799992, "closer_pigeon": 0.284336379232, "further_bluejay": 0.086389734971880003, "further_bullmastiff": 0.074754052445440006, "further_redantique": 0.081369253929940003, "closer_inlay": 0.207742534047475, "closer_knob": 0.26286191926614999, "closer_pug": 0.35269623288875002, "closer_cuckoo": 0.17241273675725, "further_bluesport": 0.089281588068499992, "closer_hatchback": 0.43851092322222501, "further_basset": 0.17299697160667499, "further_robin": 0.072096768546819984, "further_bluesedan": 0.039655760949500005, "closer_bullmastiff": 0.29663375695815003, "closer_chihuahua": 0.23672233308849999, "further_inlay": 0.13587683366599998, "closer_bloodhound": 0.45733699774766667, "closer_weimaraner": 0.082458075132233341, "further_pug": 0.12316195777752501, "further_pigeon": 0.090639988796725995, "further_beetle": 0.084072926513099999, "closer_redsport": 0.39053145677950002, "further_hatchback": 0.14644995273600001, "closer_bluesedan": 0.26084882540374998}