{"further_sparrow": 0.065853658536579998, "closer_robin": 0.13414634146347498, "closer_bluesport": 0.10243902439036001, "closer_white": 0.077235772357766658, "further_sling": 0.10975609756084, "further_goldenretriever": 0.041463414634140001, "closer_straight": 0.141463414634, "further_weimaraner": 0.068292682926780007, "further_squat": 0.1146341463416, "further_knob": 0.10243902439008001, "further_brown": 0.041463414634140001, "closer_redantique": 0.13902439024407998, "closer_nightingale": 0.09146341463405, "further_crow": 0.034146341463399996, "closer_squat": 0.18597560975600003, "closer_basset": 0.0823170731707, "closer_tomtit": 0.12601626016266668, "further_waiting": 0.090243902439020002, "further_nightingale": 0.09024390243894001, "closer_crow": 0.079268292682924998, "closer_sling": 0.18048780487800001, "closer_goldenretriever": 0.097560975610000003, "further_redsport": 0.027439024390249998, "further_woven": 0.064024390243924992, "closer_woven": 0.076219512195124989, "further_tomtit": 0.095121951219540007, "further_chihuahua": 0.03414634146342, "further_leather": 0.087804878048799995, "closer_waiting": 0.070731707317079992, "closer_sparrow": 0.13170731707298, "further_cuckoo": 0.068292682926819989, "closer_doberman": 0.088414634146399995, "closer_leather": 0.30487804878038, "closer_brown": 0.17073170731693998, "closer_beetle": 0.076219512195024999, "further_white": 0.057926829268274999, "further_straight": 0.080487804878079994, "further_bloodhound": 0.060975609756124996, "closer_bluejay": 0.085365853658519994, "further_doberman": 0.021951219512199999, "closer_pigeon": 0.13902439024406002, "further_bluejay": 0.063414634146319995, "further_bullmastiff": 0.041463414634159992, "further_redantique": 0.04634146341466, "closer_inlay": 0.082317073170724994, "closer_knob": 0.10060975609744999, "closer_pug": 0.10365853658537499, "closer_cuckoo": 0.082317073170724994, "further_bluesport": 0.046341463414640002, "closer_hatchback": 0.18292682926834999, "further_basset": 0.10670731707327499, "further_robin": 0.058536585365759994, "further_bluesedan": 0.030487804878049998, "closer_bullmastiff": 0.073170731707199996, "closer_chihuahua": 0.10365853658515001, "further_inlay": 0.085365853658519994, "closer_bloodhound": 0.23170731707313333, "closer_weimaraner": 0.032520325203233329, "further_pug": 0.085365853658525004, "further_pigeon": 0.058536585365859997, "further_beetle": 0.045731707317099995, "closer_redsport": 0.22560975609749997, "further_hatchback": 0.058536585365859997, "closer_bluesedan": 0.118902439024375}