{"further_sparrow": 0.20059835452505612, "closer_robin": 0.505983545250561, "closer_bluesport": 0.27973074046372476, "closer_white": 0.20942408376963353, "further_sling": 0.38758414360508603, "further_goldenretriever": 0.21839940164547497, "closer_straight": 0.3386686611817502, "further_weimaraner": 0.2541510845175767, "further_squat": 0.2967838444278235, "further_knob": 0.3667913238593868, "further_brown": 0.21615557217651463, "closer_redantique": 0.3515332834704563, "closer_nightingale": 0.2154076290201945, "further_crow": 0.15871353777112943, "closer_squat": 0.4281974569932686, "closer_basset": 0.23747195213163805, "closer_tomtit": 0.3911742707554226, "further_waiting": 0.4233358264771877, "further_nightingale": 0.19955123410620795, "closer_crow": 0.2855272999252057, "closer_sling": 0.4619296933433059, "closer_goldenretriever": 0.4285714285714286, "further_redsport": 0.14510097232610322, "further_woven": 0.2627150336574421, "closer_woven": 0.36537023186237855, "further_tomtit": 0.2158563949139866, "further_chihuahua": 0.2764397905759163, "further_leather": 0.37546746447270013, "closer_waiting": 0.39611069558713546, "closer_sparrow": 0.3326851159311893, "further_cuckoo": 0.23949139865370234, "closer_doberman": 0.29356768885564705, "closer_leather": 0.4875093492894541, "closer_brown": 0.32535527299925204, "closer_beetle": 0.3150710545998505, "further_white": 0.23335826477187738, "further_straight": 0.23784592370979812, "further_bloodhound": 0.3111443530291698, "closer_bluejay": 0.21570680628272254, "further_doberman": 0.3274495138369484, "closer_pigeon": 0.3380703066566942, "further_bluejay": 0.1950635751682872, "further_bullmastiff": 0.26058339566192973, "further_redantique": 0.2237845923709798, "closer_inlay": 0.30347793567688863, "closer_knob": 0.35882572924457745, "closer_pug": 0.3904263275991025, "closer_cuckoo": 0.31020942408376967, "further_bluesport": 0.26207928197457, "closer_hatchback": 0.44895287958115193, "further_basset": 0.22307404637247571, "further_robin": 0.18758414360508607, "further_bluesedan": 0.2118548990276739, "closer_bullmastiff": 0.2965594614809275, "closer_chihuahua": 0.3021690351533284, "further_inlay": 0.35168287210172033, "closer_bloodhound": 0.35876340064821743, "closer_weimaraner": 0.3231114435302917, "further_pug": 0.3378833208676141, "further_pigeon": 0.2587883320867614, "further_beetle": 0.22812266267763653, "closer_redsport": 0.33994016454749443, "further_hatchback": 0.2800299177262529, "closer_bluesedan": 0.31507105459985046}