{"further_sparrow": 0.06653887896929593, "closer_bluesport": 0.3423572453873893, "closer_white": 0.28775426250743963, "further_sling": 0.21845919546266143, "further_goldenretriever": 0.16961978783741202, "closer_straight": 0.22029592479781535, "closer_redantique": 0.31897691068865314, "further_squat": 0.2621958477750936, "further_knob": 0.14727750936526274, "further_brown": 0.12539999299793436, "further_weimaraner": 0.06464482022196547, "closer_nightingale": 0.3070114016968339, "further_crow": 0.12900430627034973, "closer_squat": 0.337681178447642, "closer_basset": 0.23291204238583715, "closer_robin": 0.3158828729475195, "further_waiting": 0.1089591429471694, "closer_pigeon": 0.24979869061373106, "closer_crow": 0.24296292406259845, "closer_sling": 0.2549031964429507, "closer_goldenretriever": 0.38159507054581093, "further_redsport": 0.11372054756153065, "further_chihuahua": 0.14911992787872422, "further_woven": 0.10174438959493048, "closer_woven": 0.1443038196267899, "further_tomtit": 0.10813640023807022, "further_leather": 0.09831337744634666, "closer_waiting": 0.17430416973007037, "closer_sparrow": 0.19925034135069844, "closer_tomtit": 0.2833845359381017, "closer_doberman": 0.29109162202849836, "closer_leather": 0.2158649301543955, "closer_brown": 0.23944876238490354, "closer_beetle": 0.3264450512901306, "further_white": 0.06884080803837132, "further_straight": 0.1475475265203235, "further_bloodhound": 0.1596952350943528, "closer_bluejay": 0.22184994573399153, "further_doberman": 0.22110597626299758, "further_nightingale": 0.11095998319504255, "further_bluejay": 0.13550922522144032, "further_bullmastiff": 0.13183314077652905, "further_redantique": 0.16723033294821968, "closer_inlay": 0.26088821202254664, "closer_knob": 0.3262857542975177, "closer_pug": 0.35057942092917405, "closer_cuckoo": 0.1259671603122921, "further_bluesport": 0.04574624514231698, "further_cuckoo": 0.08991002345691977, "closer_hatchback": 0.3967195322620173, "further_basset": 0.2257115849175507, "further_robin": 0.08154255505374085, "further_bluesedan": 0.06036947566198694, "closer_bullmastiff": 0.15859240976087946, "closer_chihuahua": 0.2839366779866727, "further_inlay": 0.06388684661975283, "closer_bloodhound": 0.30377148758883865, "closer_weimaraner": 0.08852361446626755, "further_pug": 0.11105801211357351, "further_pigeon": 0.1314550292336239, "further_beetle": 0.140616794454364, "closer_redsport": 0.32481415350861836, "further_hatchback": 0.0879651997339215, "closer_bluesedan": 0.2722373933643758}