{"further_sparrow": 0.06829268292682927, "closer_bluesport": 0.15040650406504066, "closer_white": 0.0975609756097561, "further_sling": 0.08292682926829267, "further_goldenretriever": 0.060975609756097546, "closer_straight": 0.13414634146341464, "closer_redantique": 0.125, "further_squat": 0.16829268292682925, "further_knob": 0.08536585365853659, "further_brown": 0.06097560975609756, "further_weimaraner": 0.051219512195121955, "closer_nightingale": 0.0934959349593496, "further_crow": 0.05853658536585367, "closer_squat": 0.1920731707317073, "closer_basset": 0.07723577235772357, "closer_robin": 0.09451219512195122, "further_waiting": 0.07317073170731708, "closer_pigeon": 0.12601626016260162, "closer_crow": 0.12804878048780488, "closer_sling": 0.16829268292682928, "closer_goldenretriever": 0.13902439024390245, "further_redsport": 0.06829268292682926, "further_chihuahua": 0.0823170731707317, "further_woven": 0.051829268292682924, "closer_woven": 0.05609756097560975, "further_tomtit": 0.08292682926829267, "further_leather": 0.08536585365853659, "closer_waiting": 0.06341463414634146, "closer_sparrow": 0.13719512195121952, "closer_tomtit": 0.1128048780487805, "closer_doberman": 0.11219512195121953, "closer_leather": 0.09999999999999999, "closer_brown": 0.09146341463414634, "closer_beetle": 0.12804878048780488, "further_white": 0.03658536585365853, "further_straight": 0.14390243902439026, "further_bloodhound": 0.06097560975609756, "closer_bluejay": 0.12195121951219512, "further_doberman": 0.09268292682926829, "further_nightingale": 0.10487804878048781, "further_bluejay": 0.1121951219512195, "further_bullmastiff": 0.053658536585365846, "further_redantique": 0.06829268292682925, "closer_inlay": 0.12195121951219513, "closer_knob": 0.12682926829268293, "closer_pug": 0.13414634146341464, "closer_cuckoo": 0.08231707317073171, "further_bluesport": 0.03902439024390244, "further_cuckoo": 0.07073170731707316, "closer_hatchback": 0.125, "further_basset": 0.07317073170731707, "further_robin": 0.06585365853658537, "further_bluesedan": 0.052845528455284556, "closer_bullmastiff": 0.07317073170731707, "closer_chihuahua": 0.14634146341463414, "further_inlay": 0.06341463414634146, "closer_bloodhound": 0.10060975609756098, "closer_weimaraner": 0.02439024390243902, "further_pug": 0.09999999999999999, "further_pigeon": 0.08292682926829267, "further_beetle": 0.09756097560975609, "closer_redsport": 0.13821138211382114, "further_hatchback": 0.06097560975609756, "closer_bluesedan": 0.10569105691056911}