{"further_sparrow": 0.20134629768137624, "closer_bluesport": 0.3697332336075792, "closer_white": 0.29113687359760665, "further_sling": 0.380703066566941, "further_goldenretriever": 0.2879581151832461, "closer_straight": 0.32610321615557225, "closer_redantique": 0.3300299177262529, "further_squat": 0.39147344801795064, "further_knob": 0.3038519072550486, "further_brown": 0.2833208676140614, "further_weimaraner": 0.2385938668661182, "closer_nightingale": 0.2523061580653204, "further_crow": 0.2492146596858639, "closer_squat": 0.4612939416604339, "closer_basset": 0.2867115432560459, "closer_robin": 0.38818249813014216, "further_waiting": 0.3663425579655947, "closer_pigeon": 0.32385938668661185, "closer_crow": 0.25804038893044134, "closer_sling": 0.5217651458489156, "closer_goldenretriever": 0.32385938668661185, "further_redsport": 0.21106955871353777, "further_chihuahua": 0.23391922213911745, "further_woven": 0.3021690351533284, "closer_woven": 0.32879581151832465, "further_tomtit": 0.2151084517576664, "further_leather": 0.37210172026925953, "closer_waiting": 0.46163051608077793, "closer_sparrow": 0.23821989528795814, "closer_tomtit": 0.2670157068062828, "closer_doberman": 0.3768137621540763, "closer_leather": 0.4837696335078535, "closer_brown": 0.33563949139865373, "closer_beetle": 0.4136125654450262, "further_white": 0.2104712041884817, "further_straight": 0.41361256544502617, "further_bloodhound": 0.23242333582647717, "closer_bluejay": 0.19850411368735982, "further_doberman": 0.37546746447270013, "further_nightingale": 0.2315632011967091, "further_bluejay": 0.23679880329094996, "further_bullmastiff": 0.35392670157068074, "further_redantique": 0.19655946148092748, "closer_inlay": 0.3489154824233359, "closer_knob": 0.3829468960359013, "closer_pug": 0.39611069558713535, "closer_cuckoo": 0.19371727748691103, "further_bluesport": 0.1878833208676141, "further_cuckoo": 0.18055347793567691, "closer_hatchback": 0.32142857142857145, "further_basset": 0.2567938170032411, "further_robin": 0.17890800299177262, "further_bluesedan": 0.16978309648466716, "closer_bullmastiff": 0.29375467464472704, "closer_chihuahua": 0.2946896035901272, "further_inlay": 0.22976813762154086, "closer_bloodhound": 0.4468960359012716, "closer_weimaraner": 0.3601346297681377, "further_pug": 0.2758414360508602, "further_pigeon": 0.20314136125654456, "further_beetle": 0.3793941660433808, "closer_redsport": 0.34505110944901524, "further_hatchback": 0.24098728496634259, "closer_bluesedan": 0.2141610570929943}