{"further_sparrow": 0.068292682926740012, "closer_bluesport": 0.15040650406536668, "closer_white": 0.09756097560982499, "further_sling": 0.082926829268220009, "further_goldenretriever": 0.060975609756159989, "closer_straight": 0.13414634146319998, "closer_redantique": 0.1250000000001, "further_squat": 0.168292682927, "further_knob": 0.085365853658599999, "further_brown": 0.060975609756179994, "further_weimaraner": 0.051219512195120012, "closer_nightingale": 0.093495934959266669, "further_crow": 0.058536585365859997, "closer_squat": 0.19207317073175001, "closer_basset": 0.077235772357733323, "closer_robin": 0.094512195122000001, "further_waiting": 0.073170731707299999, "closer_pigeon": 0.12601626016253334, "closer_crow": 0.128048780488, "closer_sling": 0.1682926829268, "closer_goldenretriever": 0.13902439024375998, "further_redsport": 0.068292682926879997, "further_chihuahua": 0.082317073170750002, "further_woven": 0.051829268292700001, "closer_woven": 0.056097560975579996, "further_tomtit": 0.082926829268300001, "further_leather": 0.085365853658425001, "closer_waiting": 0.063414634146320009, "closer_sparrow": 0.13719512195112499, "closer_tomtit": 0.11280487804872499, "closer_doberman": 0.11219512195131998, "closer_leather": 0.099999999999959996, "closer_brown": 0.091463414634174997, "closer_beetle": 0.128048780488, "further_white": 0.036585365853659998, "further_straight": 0.14390243902436001, "further_bloodhound": 0.060975609756100002, "closer_bluejay": 0.12195121951203999, "further_doberman": 0.092682926829299989, "further_nightingale": 0.10487804878041999, "further_bluejay": 0.11219512195138, "further_bullmastiff": 0.053658536585380001, "further_redantique": 0.068292682926819989, "closer_inlay": 0.12195121951215, "closer_knob": 0.12682926829255997, "closer_pug": 0.13414634146330001, "closer_cuckoo": 0.0823170731707, "further_bluesport": 0.039024390243879999, "further_cuckoo": 0.070731707317039996, "closer_hatchback": 0.12500000000022499, "further_basset": 0.073170731707333334, "further_robin": 0.06585365853656, "further_bluesedan": 0.052845528455299995, "closer_bullmastiff": 0.073170731707325007, "closer_chihuahua": 0.14634146341466667, "further_inlay": 0.063414634146339993, "closer_bloodhound": 0.10060975609744999, "closer_weimaraner": 0.024390243902449996, "further_pug": 0.10000000000007998, "further_pigeon": 0.082926829268319999, "further_beetle": 0.09756097560982499, "closer_redsport": 0.13821138211370002, "further_hatchback": 0.060975609756019997, "closer_bluesedan": 0.10569105691053332}