{"further_sparrow": 0.2013462976814, "closer_bluesport": 0.36973323360766663, "closer_white": 0.29113687359774998, "further_sling": 0.38070306656719999, "further_goldenretriever": 0.28795811518320003, "closer_straight": 0.32610321615575, "closer_redantique": 0.33002991772599999, "further_squat": 0.39147344801779999, "further_knob": 0.30385190725474998, "further_brown": 0.28332086761380004, "further_weimaraner": 0.23859386686588002, "closer_nightingale": 0.25230615806533335, "further_crow": 0.24921465968600001, "closer_squat": 0.46129394166049997, "closer_basset": 0.28671154325566667, "closer_robin": 0.38818249813025002, "further_waiting": 0.3663425579656, "closer_pigeon": 0.32385938668666664, "closer_crow": 0.25804038893049996, "closer_sling": 0.52176514584879996, "closer_goldenretriever": 0.32385938668680003, "further_redsport": 0.2110695587134, "further_chihuahua": 0.23391922213924998, "further_woven": 0.30216903515350002, "closer_woven": 0.32879581151840004, "further_tomtit": 0.21510845175759999, "further_leather": 0.37210172026925004, "closer_waiting": 0.46163051608060002, "closer_sparrow": 0.238219895288, "closer_tomtit": 0.26701570680625003, "closer_doberman": 0.37681376215419998, "closer_leather": 0.4837696335078, "closer_brown": 0.33563949139850002, "closer_beetle": 0.41361256544500002, "further_white": 0.21047120418839999, "further_straight": 0.41361256544499997, "further_bloodhound": 0.23242333582649999, "closer_bluejay": 0.19850411368740001, "further_doberman": 0.37546746447259999, "further_nightingale": 0.23156320119660001, "further_bluejay": 0.23679880329099995, "further_bullmastiff": 0.35392670157079997, "further_redantique": 0.19655946148100001, "closer_inlay": 0.34891548242324999, "closer_knob": 0.38294689603599996, "closer_pug": 0.39611069558720002, "closer_cuckoo": 0.19371727748674999, "further_bluesport": 0.18788332086762, "further_cuckoo": 0.18055347793580001, "closer_hatchback": 0.32142857142875003, "further_basset": 0.25679381700333331, "further_robin": 0.17890800299188001, "further_bluesedan": 0.16978309648463333, "closer_bullmastiff": 0.29375467464475002, "closer_chihuahua": 0.29468960359000002, "further_inlay": 0.2297681376216, "closer_bloodhound": 0.44689603590125004, "closer_weimaraner": 0.36013462976849997, "further_pug": 0.27584143605100003, "further_pigeon": 0.2031413612564, "further_beetle": 0.37939416604324999, "closer_redsport": 0.34505110944900003, "further_hatchback": 0.24098728496630001, "closer_bluesedan": 0.21416105709266664}