{"further_sparrow": 0.066538878969300011, "closer_bluesport": 0.34235724538733336, "closer_white": 0.28775426250750002, "further_sling": 0.21845919546268, "further_goldenretriever": 0.16961978783735998, "closer_straight": 0.22029592479800003, "closer_redantique": 0.31897691068874995, "further_squat": 0.26219584777507998, "further_knob": 0.14727750936539999, "further_brown": 0.125399992998, "further_weimaraner": 0.064644820221853999, "closer_nightingale": 0.30701140169666669, "further_crow": 0.12900430627028001, "closer_squat": 0.33768117844750001, "closer_basset": 0.23291204238600002, "closer_robin": 0.31588287294724998, "further_waiting": 0.10895914294701999, "closer_pigeon": 0.24979869061399998, "closer_crow": 0.24296292406299996, "closer_sling": 0.25490319644300002, "closer_goldenretriever": 0.3815950705458, "further_redsport": 0.11372054756143998, "further_chihuahua": 0.149119927878575, "further_woven": 0.10174438959499998, "closer_woven": 0.14430381962681998, "further_tomtit": 0.10813640023811999, "further_leather": 0.098313377446300004, "closer_waiting": 0.17430416972988, "closer_sparrow": 0.19925034135092501, "closer_tomtit": 0.283384535938, "closer_doberman": 0.29109162202861999, "closer_leather": 0.21586493015459998, "closer_brown": 0.23944876238500001, "closer_beetle": 0.32644505129000001, "further_white": 0.068840808038429999, "further_straight": 0.14754752652029998, "further_bloodhound": 0.15969523509445752, "closer_bluejay": 0.22184994573389999, "further_doberman": 0.22110597626314005, "further_nightingale": 0.11095998319508001, "further_bluejay": 0.13550922522138001, "further_bullmastiff": 0.13183314077659999, "further_redantique": 0.1672303329482, "closer_inlay": 0.26088821202249995, "closer_knob": 0.32628575429759998, "closer_pug": 0.35057942092899996, "closer_cuckoo": 0.12596716031240002, "further_bluesport": 0.045746245142323998, "further_cuckoo": 0.089910023456919994, "closer_hatchback": 0.39671953226175, "further_basset": 0.22571158491749999, "further_robin": 0.081542555053719989, "further_bluesedan": 0.060369475661999995, "closer_bullmastiff": 0.15859240976075001, "closer_chihuahua": 0.28393667798666661, "further_inlay": 0.063886846619819998, "closer_bloodhound": 0.30377148758884998, "closer_weimaraner": 0.088523614466050005, "further_pug": 0.11105801211367998, "further_pigeon": 0.13145502923361999, "further_beetle": 0.140616794454475, "closer_redsport": 0.32481415350833331, "further_hatchback": 0.08796519973394, "closer_bluesedan": 0.27223739336466668}