{"further_sparrow": 0.075609756097479996, "closer_bluesport": 0.079268292682949992, "closer_white": 0.10060975609769998, "further_sling": 0.13658536585368, "further_goldenretriever": 0.051829268292700001, "closer_straight": 0.14634146341456003, "closer_redantique": 0.064024390243899998, "further_squat": 0.13902439024402, "further_knob": 0.1146341463416, "further_brown": 0.082926829268180013, "further_weimaraner": 0.065853658536500007, "closer_nightingale": 0.14024390243877502, "further_crow": 0.065853658536599996, "closer_squat": 0.15609756097560001, "closer_basset": 0.069105691056866661, "closer_robin": 0.10670731707304999, "further_waiting": 0.076219512195125003, "further_nightingale": 0.09512195121948, "closer_crow": 0.14227642276403332, "closer_sling": 0.12682926829268001, "closer_goldenretriever": 0.069105691056966664, "further_redsport": 0.04878048780488, "further_woven": 0.058536585365839985, "closer_woven": 0.090243902439040014, "further_tomtit": 0.097560975609649991, "further_leather": 0.10365853658530001, "closer_waiting": 0.070121951219500003, "further_chihuahua": 0.076219512195125003, "closer_tomtit": 0.14329268292675001, "closer_doberman": 0.10731707317085999, "closer_leather": 0.11890243902427501, "closer_brown": 0.12195121951206667, "closer_beetle": 0.085365853658350005, "further_white": 0.042682926829274999, "further_straight": 0.092682926829299989, "further_bloodhound": 0.112804878048825, "closer_bluejay": 0.17804878048774, "further_doberman": 0.068292682926759982, "closer_pigeon": 0.12195121951234, "further_bluesport": 0.078048780487879998, "further_bullmastiff": 0.068292682926839987, "further_redantique": 0.036585365853659998, "closer_inlay": 0.12926829268282, "closer_sparrow": 0.14634146341450002, "closer_knob": 0.091463414634249993, "closer_pug": 0.15243902439032497, "closer_cuckoo": 0.092682926829380008, "further_bluejay": 0.087804878048680007, "further_cuckoo": 0.092682926829220011, "closer_hatchback": 0.085365853658575006, "further_basset": 0.076219512195125003, "further_robin": 0.078048780487879998, "further_bluesedan": 0.05284552845526666, "closer_bullmastiff": 0.112804878048925, "closer_chihuahua": 0.10365853658549999, "further_inlay": 0.082317073170750016, "closer_bloodhound": 0.073170731707299999, "closer_weimaraner": 0.024390243902400001, "further_pug": 0.065853658536580012, "further_pigeon": 0.080487804878079994, "further_beetle": 0.10365853658554999, "closer_redsport": 0.081300813008000003, "further_hatchback": 0.063414634146240004, "closer_bluesedan": 0.13414634146349999}