{"further_sparrow": 0.07560975609756097, "closer_bluesport": 0.07926829268292682, "closer_white": 0.10060975609756098, "further_sling": 0.13658536585365855, "further_goldenretriever": 0.05182926829268293, "closer_straight": 0.14634146341463417, "closer_redantique": 0.06402439024390244, "further_squat": 0.13902439024390242, "further_knob": 0.11463414634146343, "further_brown": 0.08292682926829269, "further_weimaraner": 0.06585365853658537, "closer_nightingale": 0.1402439024390244, "further_crow": 0.06585365853658535, "closer_squat": 0.15609756097560976, "closer_basset": 0.06910569105691057, "closer_robin": 0.10670731707317074, "further_waiting": 0.07621951219512195, "further_nightingale": 0.0951219512195122, "closer_crow": 0.14227642276422764, "closer_sling": 0.12682926829268296, "closer_goldenretriever": 0.06910569105691057, "further_redsport": 0.04878048780487805, "further_woven": 0.058536585365853655, "closer_woven": 0.09024390243902439, "further_tomtit": 0.09756097560975609, "further_leather": 0.10365853658536585, "closer_waiting": 0.0701219512195122, "further_chihuahua": 0.07621951219512195, "closer_tomtit": 0.14329268292682926, "closer_doberman": 0.10731707317073169, "closer_leather": 0.11890243902439024, "closer_brown": 0.12195121951219512, "closer_beetle": 0.08536585365853658, "further_white": 0.04268292682926829, "further_straight": 0.09268292682926829, "further_bloodhound": 0.11280487804878049, "closer_bluejay": 0.1780487804878049, "further_doberman": 0.06829268292682926, "closer_pigeon": 0.12195121951219512, "further_bluesport": 0.07804878048780486, "further_bullmastiff": 0.06829268292682927, "further_redantique": 0.036585365853658534, "closer_inlay": 0.12926829268292683, "closer_sparrow": 0.14634146341463414, "closer_knob": 0.09146341463414633, "closer_pug": 0.1524390243902439, "closer_cuckoo": 0.09268292682926829, "further_bluejay": 0.08780487804878048, "further_cuckoo": 0.09268292682926829, "closer_hatchback": 0.08536585365853658, "further_basset": 0.07621951219512194, "further_robin": 0.07804878048780486, "further_bluesedan": 0.052845528455284556, "closer_bullmastiff": 0.1128048780487805, "closer_chihuahua": 0.10365853658536585, "further_inlay": 0.0823170731707317, "closer_bloodhound": 0.07317073170731708, "closer_weimaraner": 0.024390243902439025, "further_pug": 0.06585365853658537, "further_pigeon": 0.08048780487804878, "further_beetle": 0.10365853658536585, "closer_redsport": 0.08130081300813008, "further_hatchback": 0.06341463414634146, "closer_bluesedan": 0.13414634146341464}