{"further_sparrow": 0.08150929524209641, "closer_bluesport": 0.22822138780940376, "closer_white": 0.23666544130518502, "further_sling": 0.16749466092497284, "further_goldenretriever": 0.11180985890837795, "closer_straight": 0.19294366838217272, "closer_redantique": 0.20534213843083707, "further_squat": 0.22269719567272345, "further_knob": 0.26252494485873334, "further_brown": 0.15331022651682244, "further_weimaraner": 0.1290970836396737, "closer_nightingale": 0.2900540034310121, "further_crow": 0.13851136085145116, "closer_squat": 0.290624234149074, "closer_basset": 0.1347051546872994, "closer_robin": 0.35863267163813317, "further_waiting": 0.15628610440079824, "further_nightingale": 0.10739943283268563, "closer_crow": 0.5458839524326343, "closer_sling": 0.20903441515246998, "closer_goldenretriever": 0.18394134603041232, "further_redsport": 0.12309281237965197, "further_woven": 0.08790918320904666, "closer_woven": 0.26903686587543324, "further_tomtit": 0.06758962643979974, "further_leather": 0.1289649196512971, "closer_waiting": 0.1659489549417078, "further_chihuahua": 0.15079167104295768, "closer_tomtit": 0.4379813920106431, "closer_doberman": 0.2596698526065189, "closer_leather": 0.31118492455274305, "closer_brown": 0.23091645368717098, "closer_beetle": 0.22192171690648735, "further_white": 0.05062712250113783, "further_straight": 0.107406434898295, "further_bloodhound": 0.15760555613906102, "closer_bluejay": 0.3696723033294821, "further_doberman": 0.15782655883485627, "closer_pigeon": 0.17641529251129082, "further_bluesport": 0.1494608409480797, "further_bullmastiff": 0.06983510135489969, "further_redantique": 0.05387914434758254, "closer_inlay": 0.2550572418863565, "closer_sparrow": 0.2741979717349951, "closer_knob": 0.22472910758673809, "closer_pug": 0.43051981584567434, "closer_cuckoo": 0.26528375870881904, "further_bluejay": 0.16188075482267267, "further_cuckoo": 0.14102335188880719, "closer_hatchback": 0.27880912369148897, "further_basset": 0.11543342786121905, "further_robin": 0.1131936421244267, "further_bluesedan": 0.08843025359147616, "closer_bullmastiff": 0.2999181633581906, "closer_chihuahua": 0.234923677484858, "further_inlay": 0.0971842943668382, "closer_bloodhound": 0.2767610195007527, "closer_weimaraner": 0.12818156356125054, "further_pug": 0.13731575814865385, "further_pigeon": 0.11534677729930327, "further_beetle": 0.13596260896964604, "closer_redsport": 0.3958559441701968, "further_hatchback": 0.12105346077092742, "closer_bluesedan": 0.35658456744739697}