{"further_sparrow": 0.18264771877320002, "closer_bluesport": 0.25317875841449999, "closer_white": 0.27617801047125001, "further_sling": 0.39072550486168001, "further_goldenretriever": 0.2670157068065, "closer_straight": 0.28616305160799999, "closer_redantique": 0.26271503365749999, "further_squat": 0.36080777860899998, "further_knob": 0.39566192969320008, "further_brown": 0.26522064323100003, "further_weimaraner": 0.24353029169759996, "closer_nightingale": 0.24008975317875, "further_crow": 0.23889304412859999, "closer_squat": 0.36798803290939996, "closer_basset": 0.28047868362, "closer_robin": 0.42053103964100003, "further_waiting": 0.31133133881800001, "further_nightingale": 0.244876589379, "closer_crow": 0.4103714784343333, "closer_sling": 0.35198204936419997, "closer_goldenretriever": 0.31712789827999999, "further_redsport": 0.22543006731480003, "further_woven": 0.273597606582, "closer_woven": 0.34525056095720003, "further_tomtit": 0.15744203440525001, "further_leather": 0.28047868362, "closer_waiting": 0.33900523560199997, "further_chihuahua": 0.23840688107725, "closer_tomtit": 0.43362004487674999, "closer_doberman": 0.53433059087519996, "closer_leather": 0.47830964846674995, "closer_brown": 0.40737970580933336, "closer_beetle": 0.21166791323849998, "further_white": 0.22830964846662499, "further_straight": 0.29902767389680002, "further_bloodhound": 0.30179506357500002, "closer_bluejay": 0.27284966342560002, "further_doberman": 0.35617053103960006, "closer_pigeon": 0.29902767389659995, "further_bluesport": 0.32535527299959999, "further_bullmastiff": 0.22827225130880002, "further_redantique": 0.22198952879600001, "closer_inlay": 0.35557217651459999, "closer_sparrow": 0.29394166043366665, "closer_knob": 0.34891548242325005, "closer_pug": 0.49719521316374993, "closer_cuckoo": 0.30635751682880002, "further_bluejay": 0.190875093493, "further_cuckoo": 0.25684367988040002, "closer_hatchback": 0.34218399401650007, "further_basset": 0.27187733732249997, "further_robin": 0.19147344801800001, "further_bluesedan": 0.19695836449799997, "closer_bullmastiff": 0.37135377711299999, "closer_chihuahua": 0.28833208676150002, "further_inlay": 0.26215407629025, "closer_bloodhound": 0.35901271503350002, "closer_weimaraner": 0.116679132386, "further_pug": 0.32640239341839999, "further_pigeon": 0.23201196709060001, "further_beetle": 0.24345549738200001, "closer_redsport": 0.24881575666899999, "further_hatchback": 0.25744203440540003, "closer_bluesedan": 0.27655198204950004}