{"further_sparrow": 0.081509295242168003, "closer_bluesport": 0.22822138780927501, "closer_white": 0.23666544130525, "further_sling": 0.16749466092490001, "further_goldenretriever": 0.11180985890842501, "closer_straight": 0.19294366838220001, "closer_redantique": 0.20534213843097501, "further_squat": 0.22269719567285998, "further_knob": 0.26252494485879996, "further_brown": 0.15331022651676002, "further_weimaraner": 0.12909708363975397, "closer_nightingale": 0.29005400343075, "further_crow": 0.13851136085151999, "closer_squat": 0.29062423414920002, "closer_basset": 0.13470515468710001, "closer_robin": 0.35863267163800006, "further_waiting": 0.15628610440072499, "further_nightingale": 0.10739943283266, "closer_crow": 0.54588395243266674, "closer_sling": 0.20903441515240001, "closer_goldenretriever": 0.1839413460307, "further_redsport": 0.12309281237962, "further_woven": 0.087909183209099989, "closer_woven": 0.26903686587560005, "further_tomtit": 0.067589626439824996, "further_leather": 0.1289649196513, "closer_waiting": 0.1659489549415, "further_chihuahua": 0.15079167104292501, "closer_tomtit": 0.43798139201075004, "closer_doberman": 0.25966985260657999, "closer_leather": 0.31118492455300001, "closer_brown": 0.23091645368703331, "closer_beetle": 0.22192171690634999, "further_white": 0.050627122501175001, "further_straight": 0.10740643489807999, "further_bloodhound": 0.15760555613900001, "closer_bluejay": 0.36967230332932, "further_doberman": 0.15782655883482, "closer_pigeon": 0.17641529251123997, "further_bluesport": 0.14946084094792, "further_bullmastiff": 0.069835101354960002, "further_redantique": 0.05387914434748, "closer_inlay": 0.2550572418864, "closer_sparrow": 0.27419797173499999, "closer_knob": 0.22472910758664999, "closer_pug": 0.43051981584575005, "closer_cuckoo": 0.2652837587088, "further_bluejay": 0.1618807548226, "further_cuckoo": 0.14102335188879997, "closer_hatchback": 0.27880912369142496, "further_basset": 0.115433427861175, "further_robin": 0.11319364212456, "further_bluesedan": 0.088430253591466668, "closer_bullmastiff": 0.29991816335825, "closer_chihuahua": 0.23492367748475002, "further_inlay": 0.097184294366824991, "closer_bloodhound": 0.27676101950099996, "closer_weimaraner": 0.12818156356099999, "further_pug": 0.1373157581486, "further_pigeon": 0.11534677729935801, "further_beetle": 0.13596260896965001, "closer_redsport": 0.39585594417033332, "further_hatchback": 0.12105346077095999, "closer_bluesedan": 0.35658456744724998}