{"further_sparrow": 0.18264771877337324, "closer_bluesport": 0.25317875841436055, "closer_white": 0.2761780104712042, "further_sling": 0.3907255048616306, "further_goldenretriever": 0.2670157068062828, "closer_straight": 0.2861630516080778, "closer_redantique": 0.2627150336574421, "further_squat": 0.3608077786088258, "further_knob": 0.39566192969334335, "further_brown": 0.2652206432311145, "further_weimaraner": 0.24353029169783097, "closer_nightingale": 0.24008975317875847, "further_crow": 0.23889304412864626, "closer_squat": 0.36798803290949894, "closer_basset": 0.2804786836200449, "closer_robin": 0.42053103964098737, "further_waiting": 0.3113313388182498, "further_nightingale": 0.24487658937920723, "closer_crow": 0.4103714784343057, "closer_sling": 0.3519820493642484, "closer_goldenretriever": 0.3171278982797308, "further_redsport": 0.22543006731488413, "further_woven": 0.2735976065818998, "closer_woven": 0.3452505609573673, "further_tomtit": 0.1574420344053852, "further_leather": 0.2804786836200449, "closer_waiting": 0.3390052356020943, "further_chihuahua": 0.23840688107703817, "closer_tomtit": 0.43362004487658945, "closer_doberman": 0.5343305908750936, "closer_leather": 0.47830964846671664, "closer_brown": 0.40737970580902516, "closer_beetle": 0.2116679132385939, "further_white": 0.2283096484667166, "further_straight": 0.29902767389678386, "further_bloodhound": 0.30179506357516833, "closer_bluejay": 0.2728496634255797, "further_doberman": 0.35617053103964097, "closer_pigeon": 0.29902767389678386, "further_bluesport": 0.32535527299925215, "further_bullmastiff": 0.22827225130890053, "further_redantique": 0.22198952879581157, "closer_inlay": 0.35557217651458495, "closer_sparrow": 0.29394166043380704, "closer_knob": 0.34891548242333587, "closer_pug": 0.49719521316379955, "closer_cuckoo": 0.30635751682872103, "further_bluejay": 0.19087509349289458, "further_cuckoo": 0.25684367988032913, "closer_hatchback": 0.34218399401645483, "further_basset": 0.2718773373223635, "further_robin": 0.1914734480179507, "further_bluesedan": 0.19695836449763152, "closer_bullmastiff": 0.37135377711293943, "closer_chihuahua": 0.2883320867614062, "further_inlay": 0.262154076290202, "closer_bloodhound": 0.3590127150336575, "closer_weimaraner": 0.11667913238593867, "further_pug": 0.3264023934181003, "further_pigeon": 0.23201196709050115, "further_beetle": 0.24345549738219896, "closer_redsport": 0.24881575666915987, "further_hatchback": 0.2574420344053852, "closer_bluesedan": 0.27655198204936426}